{
	"info": {
		"_postman_id": "7fbefe5c-5984-84f8-ae6c-a7c87fe18c80",
		"name": "EasyR",
		"schema": "https://schema.getpostman.com/json/collection/v2.1.0/collection.json"
	},
	"item": [
		{
			"name": "/captcha",
			"request": {
				"method": "POST",
				"header": [
					{
						"key": "Authorization",
						"value": "Bearer eyJhbGciOiJIUzUxMiJ9.eyJzdWIiOiJjaHJpc3RlbkBhcHAtbG9naWsuZGUiLCJleHAiOjE1MzY3Mzg5Mzd9.zjj-aRlllIlf2K_HT7FzLnjyc62oQLITcZaUiZ5p06-YaKBrXa7rDcruj-9pWzJWEJAhM9UQAeLtYj_EKVcogw"
					},
					{
						"key": "Content-Type",
						"value": "application/json"
					}
				],
				"body": {
					"mode": "raw",
					"raw": ""
				},
				"url": {
					"raw": "http://127.0.0.1:8080/captcha/ab76d550-7b51-4275-9be6-b3308d6556d5",
					"protocol": "http",
					"host": [
						"127",
						"0",
						"0",
						"1"
					],
					"port": "8080",
					"path": [
						"captcha",
						"ab76d550-7b51-4275-9be6-b3308d6556d5"
					]
				},
				"description": "Create a new Campaign"
			},
			"response": []
		},
		{
			"name": "/login",
			"request": {
				"auth": {
					"type": "noauth"
				},
				"method": "POST",
				"header": [
					{
						"key": "Content-Type",
						"value": "application/json"
					}
				],
				"body": {
					"mode": "raw",
					"raw": "{\n\t\"username\": \"christen@app-logik.de\",\n\t\"password\": \"wuff\"\n}"
				},
				"url": {
					"raw": "http://127.0.0.1:8080/login",
					"protocol": "http",
					"host": [
						"127",
						"0",
						"0",
						"1"
					],
					"port": "8080",
					"path": [
						"login"
					]
				},
				"description": "Get Bearer Token"
			},
			"response": []
		},
		{
			"name": "/register",
			"request": {
				"method": "POST",
				"header": [
					{
						"key": "Content-Typ",
						"value": "application/json"
					},
					{
						"key": "Content-Type",
						"value": "application/json"
					}
				],
				"body": {
					"mode": "raw",
					"raw": "{\n\t\"email\": \"dev2@app-logik.de\",\n\t\"firstName\": \"Oliver\",\n\t\"lastName\": \"Sanchez\",\n\t\"password\": \"supersecret\",\n\t\"language\": \"DE\",\n\t\"captcha\": {\n\t\t\"id\": \"4f1dbf1f-e2b9-45e6-a214-339a91b999f9\",\n\t\t\"answer\": \"p8kpg\"\n\t}\n}"
				},
				"url": {
					"raw": "http://127.0.0.1:8080/register",
					"protocol": "http",
					"host": [
						"127",
						"0",
						"0",
						"1"
					],
					"port": "8080",
					"path": [
						"register"
					]
				},
				"description": "Create a new Campaign"
			},
			"response": []
		},
		{
			"name": "/forgotpw",
			"request": {
				"method": "POST",
				"header": [
					{
						"key": "Content-Typ",
						"value": "application/json"
					},
					{
						"key": "Content-Type",
						"value": "application/json"
					}
				],
				"body": {
					"mode": "raw",
					"raw": "{\n\t\"email\": \"christen@app-logik.de\",\n\t\"captcha\": {\n\t\t\"id\": \"68423f10-ac2b-45c2-9a45-90bd41078d72\",\n\t\t\"answer\": \"ewcbw\"\n\t}\n}"
				},
				"url": {
					"raw": "http://127.0.0.1:8080/forgotpw",
					"protocol": "http",
					"host": [
						"127",
						"0",
						"0",
						"1"
					],
					"port": "8080",
					"path": [
						"forgotpw"
					]
				},
				"description": "Password Forgotten"
			},
			"response": []
		},
		{
			"name": "/resetpw",
			"request": {
				"method": "POST",
				"header": [
					{
						"key": "Content-Typ",
						"value": "application/json"
					},
					{
						"key": "Content-Type",
						"value": "application/json"
					}
				],
				"body": {
					"mode": "raw",
					"raw": "{\n\t\"email\": \"christen@app-logik.de\",\n\t\"newPassword\": \"miau\",\n\t\"token\": \"4C5E53A831\"\n}"
				},
				"url": {
					"raw": "http://127.0.0.1:8080/resetpw",
					"protocol": "http",
					"host": [
						"127",
						"0",
						"0",
						"1"
					],
					"port": "8080",
					"path": [
						"resetpw"
					]
				},
				"description": "New Password"
			},
			"response": []
		},
		{
			"name": "/user",
			"request": {
				"auth": {
					"type": "bearer"
				},
				"method": "GET",
				"header": [
					{
						"key": "Authorization",
						"value": "Bearer eyJhbGciOiJIUzUxMiJ9.eyJzdWIiOiJjaHJpc3RlbkBhcHAtbG9naWsuZGUiLCJleHAiOjE1MzY3Mzg5Mzd9.zjj-aRlllIlf2K_HT7FzLnjyc62oQLITcZaUiZ5p06-YaKBrXa7rDcruj-9pWzJWEJAhM9UQAeLtYj_EKVcogw"
					}
				],
				"body": {},
				"url": {
					"raw": "http://127.0.0.1:8080/api/user",
					"protocol": "http",
					"host": [
						"127",
						"0",
						"0",
						"1"
					],
					"port": "8080",
					"path": [
						"api",
						"user"
					]
				},
				"description": "Who am I?"
			},
			"response": []
		},
		{
			"name": "/packages",
			"request": {
				"auth": {
					"type": "bearer"
				},
				"method": "GET",
				"header": [
					{
						"key": "Authorization",
						"value": "Bearer eyJhbGciOiJIUzUxMiJ9.eyJzdWIiOiJjaHJpc3RlbkBhcHAtbG9naWsuZGUiLCJleHAiOjE1MzY3Mzg5Mzd9.zjj-aRlllIlf2K_HT7FzLnjyc62oQLITcZaUiZ5p06-YaKBrXa7rDcruj-9pWzJWEJAhM9UQAeLtYj_EKVcogw"
					}
				],
				"body": {},
				"url": {
					"raw": "http://127.0.0.1:8080/api/packages",
					"protocol": "http",
					"host": [
						"127",
						"0",
						"0",
						"1"
					],
					"port": "8080",
					"path": [
						"api",
						"packages"
					]
				},
				"description": "Get all Packages"
			},
			"response": []
		},
		{
			"name": "/packages/own",
			"request": {
				"auth": {
					"type": "bearer"
				},
				"method": "GET",
				"header": [
					{
						"key": "Authorization",
						"value": "Bearer eyJhbGciOiJIUzUxMiJ9.eyJzdWIiOiJjaHJpc3RlbkBhcHAtbG9naWsuZGUiLCJleHAiOjE1MzY3Mzg5Mzd9.zjj-aRlllIlf2K_HT7FzLnjyc62oQLITcZaUiZ5p06-YaKBrXa7rDcruj-9pWzJWEJAhM9UQAeLtYj_EKVcogw"
					}
				],
				"body": {},
				"url": {
					"raw": "http://127.0.0.1:8080/api/packages/own",
					"protocol": "http",
					"host": [
						"127",
						"0",
						"0",
						"1"
					],
					"port": "8080",
					"path": [
						"api",
						"packages",
						"own"
					]
				},
				"description": "Get own available and used packages"
			},
			"response": []
		},
		{
			"name": "/package/buy",
			"request": {
				"auth": {
					"type": "bearer"
				},
				"method": "POST",
				"header": [
					{
						"key": "Authorization",
						"value": "Bearer eyJhbGciOiJIUzUxMiJ9.eyJzdWIiOiJjaHJpc3RlbkBhcHAtbG9naWsuZGUiLCJleHAiOjE1MzY3Mzg5Mzd9.zjj-aRlllIlf2K_HT7FzLnjyc62oQLITcZaUiZ5p06-YaKBrXa7rDcruj-9pWzJWEJAhM9UQAeLtYj_EKVcogw"
					},
					{
						"key": "Content-Type",
						"value": "application/json"
					}
				],
				"body": {
					"mode": "raw",
					"raw": "{\n\t\"packageId\": 1,\n\t\"couponId\": 2\n}"
				},
				"url": {
					"raw": "http://127.0.0.1:8080/api/package/buy",
					"protocol": "http",
					"host": [
						"127",
						"0",
						"0",
						"1"
					],
					"port": "8080",
					"path": [
						"api",
						"package",
						"buy"
					]
				},
				"description": "Get all Packages"
			},
			"response": []
		},
		{
			"name": "/campaigns",
			"request": {
				"auth": {
					"type": "bearer"
				},
				"method": "GET",
				"header": [
					{
						"key": "Authorization",
						"value": "Bearer eyJhbGciOiJIUzUxMiJ9.eyJzdWIiOiJjaHJpc3RlbkBhcHAtbG9naWsuZGUiLCJleHAiOjE1MzY3Mzg5Mzd9.zjj-aRlllIlf2K_HT7FzLnjyc62oQLITcZaUiZ5p06-YaKBrXa7rDcruj-9pWzJWEJAhM9UQAeLtYj_EKVcogw"
					}
				],
				"body": {},
				"url": {
					"raw": "http://127.0.0.1:8080/api/campaigns",
					"protocol": "http",
					"host": [
						"127",
						"0",
						"0",
						"1"
					],
					"port": "8080",
					"path": [
						"api",
						"campaigns"
					]
				},
				"description": "Get all Campaigns (filtered for current user on server-side)"
			},
			"response": []
		},
		{
			"name": "/campaign/{id}",
			"request": {
				"method": "GET",
				"header": [
					{
						"key": "Authorization",
						"value": "Bearer eyJhbGciOiJIUzUxMiJ9.eyJzdWIiOiJjaHJpc3RlbkBhcHAtbG9naWsuZGUiLCJleHAiOjE1MzY3Mzg5Mzd9.zjj-aRlllIlf2K_HT7FzLnjyc62oQLITcZaUiZ5p06-YaKBrXa7rDcruj-9pWzJWEJAhM9UQAeLtYj_EKVcogw"
					}
				],
				"body": {},
				"url": {
					"raw": "http://127.0.0.1:8080/api/campaign/2",
					"protocol": "http",
					"host": [
						"127",
						"0",
						"0",
						"1"
					],
					"port": "8080",
					"path": [
						"api",
						"campaign",
						"2"
					]
				},
				"description": "Get Campaign Details by Campaign ID"
			},
			"response": []
		},
		{
			"name": "/campaign",
			"request": {
				"method": "POST",
				"header": [
					{
						"key": "Authorization",
						"value": "Bearer eyJhbGciOiJIUzUxMiJ9.eyJzdWIiOiJjaHJpc3RlbkBhcHAtbG9naWsuZGUiLCJleHAiOjE1MzY3Mzg5Mzd9.zjj-aRlllIlf2K_HT7FzLnjyc62oQLITcZaUiZ5p06-YaKBrXa7rDcruj-9pWzJWEJAhM9UQAeLtYj_EKVcogw"
					},
					{
						"key": "Content-Type",
						"value": "application/json"
					}
				],
				"body": {
					"mode": "raw",
					"raw": "{\n\t\"packageId\": 1\n}"
				},
				"url": {
					"raw": "http://127.0.0.1:8080/api/campaign",
					"protocol": "http",
					"host": [
						"127",
						"0",
						"0",
						"1"
					],
					"port": "8080",
					"path": [
						"api",
						"campaign"
					]
				},
				"description": "Create a new Campaign"
			},
			"response": []
		},
		{
			"name": "/campaign",
			"request": {
				"method": "PUT",
				"header": [
					{
						"key": "Authorization",
						"value": "Bearer eyJhbGciOiJIUzUxMiJ9.eyJzdWIiOiJjaHJpc3RlbkBhcHAtbG9naWsuZGUiLCJleHAiOjE1MzY3Mzg5Mzd9.zjj-aRlllIlf2K_HT7FzLnjyc62oQLITcZaUiZ5p06-YaKBrXa7rDcruj-9pWzJWEJAhM9UQAeLtYj_EKVcogw"
					},
					{
						"key": "Content-Type",
						"value": "application/json"
					}
				],
				"body": {
					"mode": "raw",
					"raw": "{\n\t\"id\": 10,\n\t\"name\": \"New Name\",\n\t\"description\": \"New Description\"\n}"
				},
				"url": {
					"raw": "http://127.0.0.1:8080/api/campaign",
					"protocol": "http",
					"host": [
						"127",
						"0",
						"0",
						"1"
					],
					"port": "8080",
					"path": [
						"api",
						"campaign"
					]
				},
				"description": "Edit a Campaign"
			},
			"response": []
		},
		{
			"name": "/campaign/{id}/tracker",
			"request": {
				"method": "POST",
				"header": [
					{
						"key": "Authorization",
						"value": "Bearer eyJhbGciOiJIUzUxMiJ9.eyJzdWIiOiJjaHJpc3RlbkBhcHAtbG9naWsuZGUiLCJleHAiOjE1MzY3Mzg5Mzd9.zjj-aRlllIlf2K_HT7FzLnjyc62oQLITcZaUiZ5p06-YaKBrXa7rDcruj-9pWzJWEJAhM9UQAeLtYj_EKVcogw"
					},
					{
						"key": "Content-Type",
						"value": "application/json"
					}
				],
				"body": {
					"mode": "formdata",
					"formdata": [
						{
							"key": "file",
							"type": "file"
						}
					]
				},
				"url": {
					"raw": "http://127.0.0.1:8080/api/campaign/2/tracker",
					"protocol": "http",
					"host": [
						"127",
						"0",
						"0",
						"1"
					],
					"port": "8080",
					"path": [
						"api",
						"campaign",
						"2",
						"tracker"
					]
				},
				"description": "Create a Tracker by Campaign ID\n\nTakes a long time!"
			},
			"response": []
		},
		{
			"name": "/campaign/tracker/{id}",
			"request": {
				"method": "DELETE",
				"header": [
					{
						"key": "Authorization",
						"value": "Bearer eyJhbGciOiJIUzUxMiJ9.eyJzdWIiOiJjaHJpc3RlbkBhcHAtbG9naWsuZGUiLCJleHAiOjE1MzY3Mzg5Mzd9.zjj-aRlllIlf2K_HT7FzLnjyc62oQLITcZaUiZ5p06-YaKBrXa7rDcruj-9pWzJWEJAhM9UQAeLtYj_EKVcogw"
					},
					{
						"key": "Content-Type",
						"value": "application/json"
					}
				],
				"body": {},
				"url": {
					"raw": "http://127.0.0.1:8080/api/campaign/tracker/5",
					"protocol": "http",
					"host": [
						"127",
						"0",
						"0",
						"1"
					],
					"port": "8080",
					"path": [
						"api",
						"campaign",
						"tracker",
						"5"
					]
				},
				"description": "Delete a Tracker by Tracker ID"
			},
			"response": []
		},
		{
			"name": "/campaign/tracker/{id}",
			"request": {
				"method": "PUT",
				"header": [
					{
						"key": "Authorization",
						"value": "Bearer eyJhbGciOiJIUzUxMiJ9.eyJzdWIiOiJjaHJpc3RlbkBhcHAtbG9naWsuZGUiLCJleHAiOjE1MzY3Mzg5Mzd9.zjj-aRlllIlf2K_HT7FzLnjyc62oQLITcZaUiZ5p06-YaKBrXa7rDcruj-9pWzJWEJAhM9UQAeLtYj_EKVcogw"
					},
					{
						"key": "Content-Type",
						"value": "application/json"
					}
				],
				"body": {
					"mode": "formdata",
					"formdata": [
						{
							"key": "file",
							"value": "",
							"type": "file"
						}
					]
				},
				"url": {
					"raw": "http://127.0.0.1:8080/api/campaign/tracker/10",
					"protocol": "http",
					"host": [
						"127",
						"0",
						"0",
						"1"
					],
					"port": "8080",
					"path": [
						"api",
						"campaign",
						"tracker",
						"10"
					]
				},
				"description": "Edit a Tracker by Tracker ID"
			},
			"response": []
		},
		{
			"name": "/campaign/content/{id}",
			"request": {
				"method": "DELETE",
				"header": [
					{
						"key": "Authorization",
						"value": "Bearer eyJhbGciOiJIUzUxMiJ9.eyJzdWIiOiJjaHJpc3RlbkBhcHAtbG9naWsuZGUiLCJleHAiOjE1MzY3Mzg5Mzd9.zjj-aRlllIlf2K_HT7FzLnjyc62oQLITcZaUiZ5p06-YaKBrXa7rDcruj-9pWzJWEJAhM9UQAeLtYj_EKVcogw"
					},
					{
						"key": "Content-Type",
						"value": "application/json"
					}
				],
				"body": {
					"mode": "raw",
					"raw": "{\n\t\"name\": \"App Logik GmbH\",\n\t\"url\": \"http://www.app-logik.de\"\n}"
				},
				"url": {
					"raw": "http://127.0.0.1:8080/api/campaign/content/13",
					"protocol": "http",
					"host": [
						"127",
						"0",
						"0",
						"1"
					],
					"port": "8080",
					"path": [
						"api",
						"campaign",
						"content",
						"13"
					]
				},
				"description": "Delete Content by Content ID"
			},
			"response": []
		},
		{
			"name": "/campaign/content/{id}/up",
			"request": {
				"method": "PUT",
				"header": [
					{
						"key": "Authorization",
						"value": "Bearer eyJhbGciOiJIUzUxMiJ9.eyJzdWIiOiJjaHJpc3RlbkBhcHAtbG9naWsuZGUiLCJleHAiOjE1MzY3Mzg5Mzd9.zjj-aRlllIlf2K_HT7FzLnjyc62oQLITcZaUiZ5p06-YaKBrXa7rDcruj-9pWzJWEJAhM9UQAeLtYj_EKVcogw"
					},
					{
						"key": "Content-Type",
						"value": "application/json"
					}
				],
				"body": {
					"mode": "raw",
					"raw": ""
				},
				"url": {
					"raw": "http://127.0.0.1:8080/api/campaign/content/16/up",
					"protocol": "http",
					"host": [
						"127",
						"0",
						"0",
						"1"
					],
					"port": "8080",
					"path": [
						"api",
						"campaign",
						"content",
						"16",
						"up"
					]
				},
				"description": "Delete Content by Content ID"
			},
			"response": []
		},
		{
			"name": "/campaign/content/{id}/down",
			"request": {
				"method": "PUT",
				"header": [
					{
						"key": "Authorization",
						"value": "Bearer eyJhbGciOiJIUzUxMiJ9.eyJzdWIiOiJjaHJpc3RlbkBhcHAtbG9naWsuZGUiLCJleHAiOjE1MzY3Mzg5Mzd9.zjj-aRlllIlf2K_HT7FzLnjyc62oQLITcZaUiZ5p06-YaKBrXa7rDcruj-9pWzJWEJAhM9UQAeLtYj_EKVcogw"
					},
					{
						"key": "Content-Type",
						"value": "application/json"
					}
				],
				"body": {
					"mode": "raw",
					"raw": ""
				},
				"url": {
					"raw": "http://127.0.0.1:8080/api/campaign/content/16/down",
					"protocol": "http",
					"host": [
						"127",
						"0",
						"0",
						"1"
					],
					"port": "8080",
					"path": [
						"api",
						"campaign",
						"content",
						"16",
						"down"
					]
				},
				"description": "Delete Content by Content ID"
			},
			"response": []
		},
		{
			"name": "/campaign/{id}/webview",
			"request": {
				"method": "POST",
				"header": [
					{
						"key": "Authorization",
						"value": "Bearer eyJhbGciOiJIUzUxMiJ9.eyJzdWIiOiJjaHJpc3RlbkBhcHAtbG9naWsuZGUiLCJleHAiOjE1MzY3Mzg5Mzd9.zjj-aRlllIlf2K_HT7FzLnjyc62oQLITcZaUiZ5p06-YaKBrXa7rDcruj-9pWzJWEJAhM9UQAeLtYj_EKVcogw"
					},
					{
						"key": "Content-Type",
						"value": "application/json"
					}
				],
				"body": {
					"mode": "raw",
					"raw": "{\n\t\"name\": \"App Logik GmbH\",\n\t\"url\": \"http://www.app-logik.de\"\n}"
				},
				"url": {
					"raw": "http://127.0.0.1:8080/api/campaign/2/webview",
					"protocol": "http",
					"host": [
						"127",
						"0",
						"0",
						"1"
					],
					"port": "8080",
					"path": [
						"api",
						"campaign",
						"2",
						"webview"
					]
				},
				"description": "Add a new Webview Content to a Campaign"
			},
			"response": []
		},
		{
			"name": "/campaign/webview/{id}",
			"request": {
				"method": "PUT",
				"header": [
					{
						"key": "Authorization",
						"value": "Bearer eyJhbGciOiJIUzUxMiJ9.eyJzdWIiOiJjaHJpc3RlbkBhcHAtbG9naWsuZGUiLCJleHAiOjE1MzY3Mzg5Mzd9.zjj-aRlllIlf2K_HT7FzLnjyc62oQLITcZaUiZ5p06-YaKBrXa7rDcruj-9pWzJWEJAhM9UQAeLtYj_EKVcogw"
					},
					{
						"key": "Content-Type",
						"value": "application/json"
					}
				],
				"body": {
					"mode": "raw",
					"raw": "{\n\t\"name\": \"App-Logik GmbH\",\n\t\"url\": \"https://www.app-logik.de\"\n}"
				},
				"url": {
					"raw": "http://127.0.0.1:8080/api/campaign/webview/12",
					"protocol": "http",
					"host": [
						"127",
						"0",
						"0",
						"1"
					],
					"port": "8080",
					"path": [
						"api",
						"campaign",
						"webview",
						"12"
					]
				},
				"description": "Edit a Webview Content"
			},
			"response": []
		},
		{
			"name": "/campaign/{id}/audio",
			"request": {
				"method": "POST",
				"header": [
					{
						"key": "Authorization",
						"value": "Bearer eyJhbGciOiJIUzUxMiJ9.eyJzdWIiOiJjaHJpc3RlbkBhcHAtbG9naWsuZGUiLCJleHAiOjE1MzY3Mzg5Mzd9.zjj-aRlllIlf2K_HT7FzLnjyc62oQLITcZaUiZ5p06-YaKBrXa7rDcruj-9pWzJWEJAhM9UQAeLtYj_EKVcogw"
					},
					{
						"key": "Content-Type",
						"value": "application/json"
					}
				],
				"body": {
					"mode": "raw",
					"raw": "{\n\t\"name\": \"Please hold the line ...\",\n\t\"url\": \"http://www.app-logik.de/audio.mp3\",\n\t\"renderOnTrackingLost\": false\n}"
				},
				"url": {
					"raw": "http://127.0.0.1:8080/api/campaign/2/audio",
					"protocol": "http",
					"host": [
						"127",
						"0",
						"0",
						"1"
					],
					"port": "8080",
					"path": [
						"api",
						"campaign",
						"2",
						"audio"
					]
				},
				"description": "Add a new Audio Content to a Campaign"
			},
			"response": []
		},
		{
			"name": "/campaign/audio/{id}",
			"request": {
				"method": "PUT",
				"header": [
					{
						"key": "Authorization",
						"value": "Bearer eyJhbGciOiJIUzUxMiJ9.eyJzdWIiOiJjaHJpc3RlbkBhcHAtbG9naWsuZGUiLCJleHAiOjE1MzY3Mzg5Mzd9.zjj-aRlllIlf2K_HT7FzLnjyc62oQLITcZaUiZ5p06-YaKBrXa7rDcruj-9pWzJWEJAhM9UQAeLtYj_EKVcogw"
					},
					{
						"key": "Content-Type",
						"value": "application/json"
					}
				],
				"body": {
					"mode": "raw",
					"raw": "{\n\t\"name\": \"Warteschleifen Musik\",\n\t\"url\": \"http://www.app-logik.de/audio_edit.mp3\",\n\t\"renderOnTrackingLost\": true\n}"
				},
				"url": {
					"raw": "http://127.0.0.1:8080/api/campaign/audio/15",
					"protocol": "http",
					"host": [
						"127",
						"0",
						"0",
						"1"
					],
					"port": "8080",
					"path": [
						"api",
						"campaign",
						"audio",
						"15"
					]
				},
				"description": "Edit a Webview Content"
			},
			"response": []
		},
		{
			"name": "/admin/users",
			"request": {
				"auth": {
					"type": "bearer"
				},
				"method": "GET",
				"header": [
					{
						"key": "Authorization",
						"value": "Bearer eyJhbGciOiJIUzUxMiJ9.eyJzdWIiOiJjaHJpc3RlbkBhcHAtbG9naWsuZGUiLCJleHAiOjE1MzY3Mzg5Mzd9.zjj-aRlllIlf2K_HT7FzLnjyc62oQLITcZaUiZ5p06-YaKBrXa7rDcruj-9pWzJWEJAhM9UQAeLtYj_EKVcogw"
					}
				],
				"body": {},
				"url": {
					"raw": "http://127.0.0.1:8080/api/admin/users",
					"protocol": "http",
					"host": [
						"127",
						"0",
						"0",
						"1"
					],
					"port": "8080",
					"path": [
						"api",
						"admin",
						"users"
					]
				}
			},
			"response": []
		},
		{
			"name": "/admin/campaigns",
			"request": {
				"auth": {
					"type": "bearer"
				},
				"method": "GET",
				"header": [
					{
						"key": "Authorization",
						"value": "Bearer eyJhbGciOiJIUzUxMiJ9.eyJzdWIiOiJjaHJpc3RlbkBhcHAtbG9naWsuZGUiLCJleHAiOjE1MzY3Mzg5Mzd9.zjj-aRlllIlf2K_HT7FzLnjyc62oQLITcZaUiZ5p06-YaKBrXa7rDcruj-9pWzJWEJAhM9UQAeLtYj_EKVcogw"
					}
				],
				"body": {},
				"url": {
					"raw": "http://127.0.0.1:8080/api/admin/campaigns",
					"protocol": "http",
					"host": [
						"127",
						"0",
						"0",
						"1"
					],
					"port": "8080",
					"path": [
						"api",
						"admin",
						"campaigns"
					]
				}
			},
			"response": []
		},
		{
			"name": "/admin/campaigns/{id}",
			"request": {
				"auth": {
					"type": "bearer"
				},
				"method": "GET",
				"header": [
					{
						"key": "Authorization",
						"value": "Bearer eyJhbGciOiJIUzUxMiJ9.eyJzdWIiOiJjaHJpc3RlbkBhcHAtbG9naWsuZGUiLCJleHAiOjE1MzY3Mzg5Mzd9.zjj-aRlllIlf2K_HT7FzLnjyc62oQLITcZaUiZ5p06-YaKBrXa7rDcruj-9pWzJWEJAhM9UQAeLtYj_EKVcogw"
					}
				],
				"body": {},
				"url": {
					"raw": "http://127.0.0.1:8080/api/admin/campaigns/2",
					"protocol": "http",
					"host": [
						"127",
						"0",
						"0",
						"1"
					],
					"port": "8080",
					"path": [
						"api",
						"admin",
						"campaigns",
						"2"
					]
				}
			},
			"response": []
		},
		{
			"name": "/admin/campaign/{id}",
			"request": {
				"method": "POST",
				"header": [
					{
						"key": "Authorization",
						"value": "Bearer eyJhbGciOiJIUzUxMiJ9.eyJzdWIiOiJjaHJpc3RlbkBhcHAtbG9naWsuZGUiLCJleHAiOjE1MzY3Mzg5Mzd9.zjj-aRlllIlf2K_HT7FzLnjyc62oQLITcZaUiZ5p06-YaKBrXa7rDcruj-9pWzJWEJAhM9UQAeLtYj_EKVcogw"
					},
					{
						"key": "Content-Type",
						"value": "application/json"
					}
				],
				"body": {
					"mode": "raw",
					"raw": "{\n\t\"userId\": 1,\n\t\"packageId\": 1,\n\t\"percentage\": 100\n}"
				},
				"url": {
					"raw": "http://127.0.0.1:8080/api/admin/coupon",
					"protocol": "http",
					"host": [
						"127",
						"0",
						"0",
						"1"
					],
					"port": "8080",
					"path": [
						"api",
						"admin",
						"coupon"
					]
				}
			},
			"response": []
		}
	]
}