<?xml version="1.0" encoding="UTF-8"?>
<!DOCTYPE module PUBLIC "-//Puppy Crawl//DTD Check Configuration 1.2//EN" "http://www.puppycrawl.com/dtds/configuration_1_2.dtd">
<module name="Checker">
  <module name="SuppressWarningsFilter" />

  <module name="TreeWalker">
    <module name="ArrayTypeStyle"/>
    <module name="AvoidNestedBlocks"/>
	<module name="AvoidStarImport">
		<property name="excludes" value="java.io,java.net,java.lang.Math"/>
		<property name="allowClassImports" value="false"/>
		<property name="allowStaticMemberImports" value="false"/>
	</module>
    <module name="ConstantName"/>
    <module name="DefaultComesLast"/>
    <module name="EmptyStatement"/>
    <module name="EqualsHashCode"/>
    <module name="FinalClass"/>
    <module name="IllegalImport"/>
    <module name="IllegalInstantiation"/>
    <module name="IllegalThrows"/>
    <module name="InnerAssignment"/>
    <module name="LocalFinalVariableName"/>
    <module name="LocalVariableName"/>
    <module name="MemberName"/>
    <module name="MissingOverride"/>
    <module name="ModifierOrder"/>
    <module name="NeedBraces"/>
    <module name="NoClone"/>
    <module name="PackageAnnotation"/>
    <module name="PackageDeclaration"/>
    <module name="PackageName"/>
    <module name="ParameterAssignment"/>
    <module name="ParameterName"/>
    <module name="RedundantImport"/>
    <module name="RedundantModifier"/>
    <module name="StringLiteralEquality"/>
    <module name="SuppressWarningsHolder" />
    <module name="UpperEll"/>
    <module name="UnusedImports">
        <property name="processJavadoc" value="true" />
    </module>
    <module name="Regexp">
        <property name="format" value="System\.out\.print"/>
        <property name="illegalPattern" value="true"/>
        <property name="ignoreComments" value="true"/>
    </module>
  </module>
</module>