{
  "extends": ["tslint:latest", "tslint-react", "tslint-config-prettier"],
  "linterOptions": {
    "exclude": [
      "config/**/*.js",
      "node_modules/**/*.ts"
    ]
  },
  "rules": {
    "ordered-imports": false,
    "max-classes-per-file": false,
    "no-console": false,
    "object-literal-sort-keys": false,
    "jsx-no-lambda": false,
    "no-implicit-dependencies": false,
    "no-submodule-imports": [false, "~"],
    "no-duplicate-imports": {
      "severity": "error",
      "options": {
          "allow-namespace-imports": false
      }
  }
  },
  "jsRules":{
    "object-literal-sort-keys": false
}    
}
