{
	"info": {
		"_postman_id": "7fbefe5c-5984-84f8-ae6c-a7c87fe18c80",
		"name": "EasyR",
		"schema": "https://schema.getpostman.com/json/collection/v2.1.0/collection.json"
	},
	"item": [
		{
			"name": "/login",
			"request": {
				"auth": {
					"type": "noauth"
				},
				"method": "POST",
				"header": [
					{
						"key": "Content-Type",
						"value": "application/json"
					}
				],
				"body": {
					"mode": "raw",
					"raw": "{\n\t\"username\": \"christen@app-logik.de\",\n\t\"password\": \"wuff\"\n}"
				},
				"url": {
					"raw": "http://127.0.0.1:8080/login",
					"protocol": "http",
					"host": [
						"127",
						"0",
						"0",
						"1"
					],
					"port": "8080",
					"path": [
						"login"
					]
				},
				"description": "Get Bearer Token"
			},
			"response": []
		},
		{
			"name": "/campaigns",
			"request": {
				"auth": {
					"type": "bearer"
				},
				"method": "GET",
				"header": [
					{
						"key": "Authorization",
						"value": "Bearer eyJhbGciOiJIUzUxMiJ9.eyJzdWIiOiJjaHJpc3RlbkBhcHAtbG9naWsuZGUiLCJleHAiOjE1MzY3Mzg5Mzd9.zjj-aRlllIlf2K_HT7FzLnjyc62oQLITcZaUiZ5p06-YaKBrXa7rDcruj-9pWzJWEJAhM9UQAeLtYj_EKVcogw"
					}
				],
				"body": {},
				"url": {
					"raw": "http://127.0.0.1:8080/api/campaigns",
					"protocol": "http",
					"host": [
						"127",
						"0",
						"0",
						"1"
					],
					"port": "8080",
					"path": [
						"api",
						"campaigns"
					]
				},
				"description": "Get all Campaigns (filtered for current user on server-side)"
			},
			"response": []
		},
		{
			"name": "/campaign/{id}",
			"request": {
				"method": "GET",
				"header": [
					{
						"key": "Authorization",
						"value": "Bearer eyJhbGciOiJIUzUxMiJ9.eyJzdWIiOiJjaHJpc3RlbkBhcHAtbG9naWsuZGUiLCJleHAiOjE1MzY3Mzg5Mzd9.zjj-aRlllIlf2K_HT7FzLnjyc62oQLITcZaUiZ5p06-YaKBrXa7rDcruj-9pWzJWEJAhM9UQAeLtYj_EKVcogw"
					}
				],
				"body": {},
				"url": {
					"raw": "http://127.0.0.1:8080/api/campaign/2",
					"protocol": "http",
					"host": [
						"127",
						"0",
						"0",
						"1"
					],
					"port": "8080",
					"path": [
						"api",
						"campaign",
						"2"
					]
				},
				"description": "Get Campaign Details by Campaign ID"
			},
			"response": []
		},
		{
			"name": "/campaign",
			"request": {
				"method": "POST",
				"header": [
					{
						"key": "Authorization",
						"value": "Bearer eyJhbGciOiJIUzUxMiJ9.eyJzdWIiOiJjaHJpc3RlbkBhcHAtbG9naWsuZGUiLCJleHAiOjE1MzY3Mzg5Mzd9.zjj-aRlllIlf2K_HT7FzLnjyc62oQLITcZaUiZ5p06-YaKBrXa7rDcruj-9pWzJWEJAhM9UQAeLtYj_EKVcogw"
					},
					{
						"key": "Content-Type",
						"value": "application/json"
					}
				],
				"body": {
					"mode": "raw",
					"raw": "{\n\t\"runtimeType\": \"SMALL\"\n}"
				},
				"url": {
					"raw": "http://127.0.0.1:8080/api/campaign",
					"protocol": "http",
					"host": [
						"127",
						"0",
						"0",
						"1"
					],
					"port": "8080",
					"path": [
						"api",
						"campaign"
					]
				},
				"description": "Create a new Campaign"
			},
			"response": []
		},
		{
			"name": "/campaign",
			"request": {
				"method": "PUT",
				"header": [
					{
						"key": "Authorization",
						"value": "Bearer eyJhbGciOiJIUzUxMiJ9.eyJzdWIiOiJjaHJpc3RlbkBhcHAtbG9naWsuZGUiLCJleHAiOjE1MzY3Mzg5Mzd9.zjj-aRlllIlf2K_HT7FzLnjyc62oQLITcZaUiZ5p06-YaKBrXa7rDcruj-9pWzJWEJAhM9UQAeLtYj_EKVcogw"
					},
					{
						"key": "Content-Type",
						"value": "application/json"
					}
				],
				"body": {
					"mode": "raw",
					"raw": "{\n\t\"id\": 10,\n\t\"name\": \"New Name\",\n\t\"description\": \"New Description\"\n}"
				},
				"url": {
					"raw": "http://127.0.0.1:8080/api/campaign",
					"protocol": "http",
					"host": [
						"127",
						"0",
						"0",
						"1"
					],
					"port": "8080",
					"path": [
						"api",
						"campaign"
					]
				},
				"description": "Edit a Campaign"
			},
			"response": []
		},
		{
			"name": "/campaign/{id}/tracker",
			"request": {
				"method": "POST",
				"header": [
					{
						"key": "Authorization",
						"value": "Bearer eyJhbGciOiJIUzUxMiJ9.eyJzdWIiOiJjaHJpc3RlbkBhcHAtbG9naWsuZGUiLCJleHAiOjE1MzY3Mzg5Mzd9.zjj-aRlllIlf2K_HT7FzLnjyc62oQLITcZaUiZ5p06-YaKBrXa7rDcruj-9pWzJWEJAhM9UQAeLtYj_EKVcogw"
					},
					{
						"key": "Content-Type",
						"value": "application/json"
					}
				],
				"body": {
					"mode": "formdata",
					"formdata": [
						{
							"key": "file",
							"description": "",
							"type": "file"
						}
					]
				},
				"url": {
					"raw": "http://127.0.0.1:8080/api/campaign/2/tracker",
					"protocol": "http",
					"host": [
						"127",
						"0",
						"0",
						"1"
					],
					"port": "8080",
					"path": [
						"api",
						"campaign",
						"2",
						"tracker"
					]
				},
				"description": "Create a Tracker by Campaign ID\n\nTakes a long time!"
			},
			"response": []
		},
		{
			"name": "/campaign/tracker/{id}",
			"request": {
				"method": "PUT",
				"header": [
					{
						"key": "Authorization",
						"value": "Bearer eyJhbGciOiJIUzUxMiJ9.eyJzdWIiOiJjaHJpc3RlbkBhcHAtbG9naWsuZGUiLCJleHAiOjE1MzY3Mzg5Mzd9.zjj-aRlllIlf2K_HT7FzLnjyc62oQLITcZaUiZ5p06-YaKBrXa7rDcruj-9pWzJWEJAhM9UQAeLtYj_EKVcogw"
					},
					{
						"key": "Content-Type",
						"value": "application/json"
					}
				],
				"body": {
					"mode": "raw",
					"raw": "{\n}"
				},
				"url": {
					"raw": "http://127.0.0.1:8080/api/campaign/tracker/3",
					"protocol": "http",
					"host": [
						"127",
						"0",
						"0",
						"1"
					],
					"port": "8080",
					"path": [
						"api",
						"campaign",
						"tracker",
						"3"
					]
				},
				"description": "Edit a Tracker by Tracker ID"
			},
			"response": []
		},
		{
			"name": "/campaign/tracker/{id}",
			"request": {
				"method": "DELETE",
				"header": [
					{
						"key": "Authorization",
						"value": "Bearer eyJhbGciOiJIUzUxMiJ9.eyJzdWIiOiJjaHJpc3RlbkBhcHAtbG9naWsuZGUiLCJleHAiOjE1MzY3Mzg5Mzd9.zjj-aRlllIlf2K_HT7FzLnjyc62oQLITcZaUiZ5p06-YaKBrXa7rDcruj-9pWzJWEJAhM9UQAeLtYj_EKVcogw"
					},
					{
						"key": "Content-Type",
						"value": "application/json"
					}
				],
				"body": {
					"mode": "raw",
					"raw": "{\n}"
				},
				"url": {
					"raw": "http://127.0.0.1:8080/api/campaign/tracker/3",
					"protocol": "http",
					"host": [
						"127",
						"0",
						"0",
						"1"
					],
					"port": "8080",
					"path": [
						"api",
						"campaign",
						"tracker",
						"3"
					]
				},
				"description": "Delete a Tracker by Tracker ID"
			},
			"response": []
		},
		{
			"name": "/campaign/content/{id}",
			"request": {
				"method": "DELETE",
				"header": [
					{
						"key": "Authorization",
						"value": "Bearer eyJhbGciOiJIUzUxMiJ9.eyJzdWIiOiJjaHJpc3RlbkBhcHAtbG9naWsuZGUiLCJleHAiOjE1MzY3Mzg5Mzd9.zjj-aRlllIlf2K_HT7FzLnjyc62oQLITcZaUiZ5p06-YaKBrXa7rDcruj-9pWzJWEJAhM9UQAeLtYj_EKVcogw"
					},
					{
						"key": "Content-Type",
						"value": "application/json"
					}
				],
				"body": {
					"mode": "raw",
					"raw": "{\n\t\"name\": \"App Logik GmbH\",\n\t\"url\": \"http://www.app-logik.de\"\n}"
				},
				"url": {
					"raw": "http://127.0.0.1:8080/api/campaign/content/13",
					"protocol": "http",
					"host": [
						"127",
						"0",
						"0",
						"1"
					],
					"port": "8080",
					"path": [
						"api",
						"campaign",
						"content",
						"13"
					]
				},
				"description": "Delete Content by Content ID"
			},
			"response": []
		},
		{
			"name": "/campaign/content/{id}/up",
			"request": {
				"method": "PUT",
				"header": [
					{
						"key": "Authorization",
						"value": "Bearer eyJhbGciOiJIUzUxMiJ9.eyJzdWIiOiJjaHJpc3RlbkBhcHAtbG9naWsuZGUiLCJleHAiOjE1MzY3Mzg5Mzd9.zjj-aRlllIlf2K_HT7FzLnjyc62oQLITcZaUiZ5p06-YaKBrXa7rDcruj-9pWzJWEJAhM9UQAeLtYj_EKVcogw"
					},
					{
						"key": "Content-Type",
						"value": "application/json"
					}
				],
				"body": {
					"mode": "raw",
					"raw": ""
				},
				"url": {
					"raw": "http://127.0.0.1:8080/api/campaign/content/13/up",
					"protocol": "http",
					"host": [
						"127",
						"0",
						"0",
						"1"
					],
					"port": "8080",
					"path": [
						"api",
						"campaign",
						"content",
						"13",
						"up"
					]
				},
				"description": "Delete Content by Content ID"
			},
			"response": []
		},
		{
			"name": "/campaign/content/{id}/down",
			"request": {
				"method": "PUT",
				"header": [
					{
						"key": "Authorization",
						"value": "Bearer eyJhbGciOiJIUzUxMiJ9.eyJzdWIiOiJjaHJpc3RlbkBhcHAtbG9naWsuZGUiLCJleHAiOjE1MzY3Mzg5Mzd9.zjj-aRlllIlf2K_HT7FzLnjyc62oQLITcZaUiZ5p06-YaKBrXa7rDcruj-9pWzJWEJAhM9UQAeLtYj_EKVcogw"
					},
					{
						"key": "Content-Type",
						"value": "application/json"
					}
				],
				"body": {
					"mode": "raw",
					"raw": ""
				},
				"url": {
					"raw": "http://127.0.0.1:8080/api/campaign/content/13/down",
					"protocol": "http",
					"host": [
						"127",
						"0",
						"0",
						"1"
					],
					"port": "8080",
					"path": [
						"api",
						"campaign",
						"content",
						"13",
						"down"
					]
				},
				"description": "Delete Content by Content ID"
			},
			"response": []
		},
		{
			"name": "/campaign/{id}/webview",
			"request": {
				"method": "POST",
				"header": [
					{
						"key": "Authorization",
						"value": "Bearer eyJhbGciOiJIUzUxMiJ9.eyJzdWIiOiJjaHJpc3RlbkBhcHAtbG9naWsuZGUiLCJleHAiOjE1MzY3Mzg5Mzd9.zjj-aRlllIlf2K_HT7FzLnjyc62oQLITcZaUiZ5p06-YaKBrXa7rDcruj-9pWzJWEJAhM9UQAeLtYj_EKVcogw"
					},
					{
						"key": "Content-Type",
						"value": "application/json"
					}
				],
				"body": {
					"mode": "raw",
					"raw": "{\n\t\"name\": \"App Logik GmbH\",\n\t\"url\": \"http://www.app-logik.de\"\n}"
				},
				"url": {
					"raw": "http://127.0.0.1:8080/api/campaign/2/webview",
					"protocol": "http",
					"host": [
						"127",
						"0",
						"0",
						"1"
					],
					"port": "8080",
					"path": [
						"api",
						"campaign",
						"2",
						"webview"
					]
				},
				"description": "Add a new Webview Content to a Campaign"
			},
			"response": []
		},
		{
			"name": "/campaign/webview/{id}",
			"request": {
				"method": "PUT",
				"header": [
					{
						"key": "Authorization",
						"value": "Bearer eyJhbGciOiJIUzUxMiJ9.eyJzdWIiOiJjaHJpc3RlbkBhcHAtbG9naWsuZGUiLCJleHAiOjE1MzY3Mzg5Mzd9.zjj-aRlllIlf2K_HT7FzLnjyc62oQLITcZaUiZ5p06-YaKBrXa7rDcruj-9pWzJWEJAhM9UQAeLtYj_EKVcogw"
					},
					{
						"key": "Content-Type",
						"value": "application/json"
					}
				],
				"body": {
					"mode": "raw",
					"raw": "{\n\t\"name\": \"App-Logik GmbH\",\n\t\"url\": \"https://www.app-logik.de\"\n}"
				},
				"url": {
					"raw": "http://127.0.0.1:8080/api/campaign/webview/12",
					"protocol": "http",
					"host": [
						"127",
						"0",
						"0",
						"1"
					],
					"port": "8080",
					"path": [
						"api",
						"campaign",
						"webview",
						"12"
					]
				},
				"description": "Edit a Webview Content"
			},
			"response": []
		},
		{
			"name": "/campaign/{id}/audio",
			"request": {
				"method": "POST",
				"header": [
					{
						"key": "Authorization",
						"value": "Bearer eyJhbGciOiJIUzUxMiJ9.eyJzdWIiOiJjaHJpc3RlbkBhcHAtbG9naWsuZGUiLCJleHAiOjE1MzY3Mzg5Mzd9.zjj-aRlllIlf2K_HT7FzLnjyc62oQLITcZaUiZ5p06-YaKBrXa7rDcruj-9pWzJWEJAhM9UQAeLtYj_EKVcogw"
					},
					{
						"key": "Content-Type",
						"value": "application/json"
					}
				],
				"body": {
					"mode": "raw",
					"raw": "{\n\t\"name\": \"Please hold the line ...\",\n\t\"url\": \"http://www.app-logik.de/audio.mp3\",\n\t\"renderOnTrackingLost\": false\n}"
				},
				"url": {
					"raw": "http://127.0.0.1:8080/api/campaign/2/audio",
					"protocol": "http",
					"host": [
						"127",
						"0",
						"0",
						"1"
					],
					"port": "8080",
					"path": [
						"api",
						"campaign",
						"2",
						"audio"
					]
				},
				"description": "Add a new Audio Content to a Campaign"
			},
			"response": []
		},
		{
			"name": "/campaign/audio/{id}",
			"request": {
				"method": "PUT",
				"header": [
					{
						"key": "Authorization",
						"value": "Bearer eyJhbGciOiJIUzUxMiJ9.eyJzdWIiOiJjaHJpc3RlbkBhcHAtbG9naWsuZGUiLCJleHAiOjE1MzY3Mzg5Mzd9.zjj-aRlllIlf2K_HT7FzLnjyc62oQLITcZaUiZ5p06-YaKBrXa7rDcruj-9pWzJWEJAhM9UQAeLtYj_EKVcogw"
					},
					{
						"key": "Content-Type",
						"value": "application/json"
					}
				],
				"body": {
					"mode": "raw",
					"raw": "{\n\t\"name\": \"Warteschleifen Musik\",\n\t\"url\": \"http://www.app-logik.de/audio_edit.mp3\",\n\t\"renderOnTrackingLost\": true\n}"
				},
				"url": {
					"raw": "http://127.0.0.1:8080/api/campaign/audio/15",
					"protocol": "http",
					"host": [
						"127",
						"0",
						"0",
						"1"
					],
					"port": "8080",
					"path": [
						"api",
						"campaign",
						"audio",
						"15"
					]
				},
				"description": "Edit a Webview Content"
			},
			"response": []
		}
	]
}