<?xml version='1.0' encoding='UTF-8'?>
<definitions xmlns="http://www.omg.org/spec/BPMN/20100524/MODEL" xmlns:xsi="http://www.w3.org/2001/XMLSchema-instance" xmlns:xsd="http://www.w3.org/2001/XMLSchema" xmlns:activiti="http://activiti.org/bpmn" xmlns:bpmndi="http://www.omg.org/spec/BPMN/20100524/DI" xmlns:omgdc="http://www.omg.org/spec/DD/20100524/DC" xmlns:omgdi="http://www.omg.org/spec/DD/20100524/DI" typeLanguage="http://www.w3.org/2001/XMLSchema" expressionLanguage="http://www.w3.org/1999/XPath" targetNamespace="http://www.activiti.org/processdef" xmlns:modeler="http://activiti.com/modeler" modeler:version="1.0en" modeler:exportDateTime="20180430085719510" modeler:modelId="2002" modeler:modelVersion="1" modeler:modelLastUpdated="1525071436028">
  <process id="LoanOrganization" name="LoanOrganization" isExecutable="true">
    <startEvent id="startEvent1" name="Create new request">
      <extensionElements>
        <modeler:editor-resource-id><![CDATA[startEvent1]]></modeler:editor-resource-id>
      </extensionElements>
    </startEvent>
    <serviceTask id="sid-788237E5-4ED6-41BD-8FED-534A76A2EAA7" name="Store Request" activiti:expression="${RequestService.StoreRequest}">
      <extensionElements>
        <modeler:editor-resource-id><![CDATA[sid-788237E5-4ED6-41BD-8FED-534A76A2EAA7]]></modeler:editor-resource-id>
      </extensionElements>
    </serviceTask>
    <userTask id="sid-F995A48E-27D3-4F84-AA71-E82434CCE7BF" name="Review Request" activiti:assignee="${user}">
      <documentation>Review request with RewuestID ${loanRequestloanrequestid}. Aplicant Name = ${loanRequest.firstName} Request Date = ${LoanRequest.requestDate}. Amont = ${LoanRequest.amount}.</documentation>
      <extensionElements>
        <modeler:allow-send-email><![CDATA[true]]></modeler:allow-send-email>
        <modeler:initiator-can-complete><![CDATA[false]]></modeler:initiator-can-complete>
        <modeler:editor-resource-id><![CDATA[sid-F995A48E-27D3-4F84-AA71-E82434CCE7BF]]></modeler:editor-resource-id>
      </extensionElements>
    </userTask>
    <sequenceFlow id="sid-44F8653F-E3DC-430A-8936-92578F71F786" sourceRef="sid-788237E5-4ED6-41BD-8FED-534A76A2EAA7" targetRef="sid-F995A48E-27D3-4F84-AA71-E82434CCE7BF">
      <extensionElements>
        <modeler:editor-resource-id><![CDATA[sid-44F8653F-E3DC-430A-8936-92578F71F786]]></modeler:editor-resource-id>
      </extensionElements>
    </sequenceFlow>
    <sequenceFlow id="sid-7F16CB2C-66E6-41C5-B291-6DA5165857BB" sourceRef="sid-F995A48E-27D3-4F84-AA71-E82434CCE7BF" targetRef="sid-9EBD5102-4E67-4C3E-A3D4-679BE72A8691">
      <extensionElements>
        <modeler:editor-resource-id><![CDATA[sid-7F16CB2C-66E6-41C5-B291-6DA5165857BB]]></modeler:editor-resource-id>
      </extensionElements>
    </sequenceFlow>
    <exclusiveGateway id="sid-9EBD5102-4E67-4C3E-A3D4-679BE72A8691" default="sid-14AB549D-B53D-4CC9-90C2-7F5E70C1D5B8">
      <extensionElements>
        <modeler:editor-resource-id><![CDATA[sid-9EBD5102-4E67-4C3E-A3D4-679BE72A8691]]></modeler:editor-resource-id>
      </extensionElements>
    </exclusiveGateway>
    <userTask id="sid-59CF0BDB-8C9E-4F88-A39B-84B5CEE3ABA3" name="Send to Loan commite" activiti:assignee="${assignee}">
      <extensionElements>
        <modeler:allow-send-email><![CDATA[true]]></modeler:allow-send-email>
        <modeler:initiator-can-complete><![CDATA[false]]></modeler:initiator-can-complete>
        <modeler:editor-resource-id><![CDATA[sid-59CF0BDB-8C9E-4F88-A39B-84B5CEE3ABA3]]></modeler:editor-resource-id>
      </extensionElements>
      <multiInstanceLoopCharacteristics isSequential="false" activiti:collection="assigneeList">
        <completionCondition>${nrOfCompletedInstances/nrOfInstances >= 0.5 }</completionCondition>
      </multiInstanceLoopCharacteristics>
    </userTask>
    <sequenceFlow id="sid-B13A389E-7E59-4BCC-A414-32AAA657CDC9" sourceRef="startEvent1" targetRef="sid-788237E5-4ED6-41BD-8FED-534A76A2EAA7">
      <extensionElements>
        <modeler:editor-resource-id><![CDATA[sid-B13A389E-7E59-4BCC-A414-32AAA657CDC9]]></modeler:editor-resource-id>
      </extensionElements>
    </sequenceFlow>
    <exclusiveGateway id="sid-5C70C1DD-4601-4B92-991A-2A595806825E" default="sid-7D9AF3CE-555D-4352-A49B-E25EFC3EB87A">
      <extensionElements>
        <modeler:editor-resource-id><![CDATA[sid-5C70C1DD-4601-4B92-991A-2A595806825E]]></modeler:editor-resource-id>
      </extensionElements>
    </exclusiveGateway>
    <sequenceFlow id="sid-30B113B3-FA3F-4C74-B3A8-F335F11CDBDF" sourceRef="sid-59CF0BDB-8C9E-4F88-A39B-84B5CEE3ABA3" targetRef="sid-5C70C1DD-4601-4B92-991A-2A595806825E">
      <extensionElements>
        <modeler:editor-resource-id><![CDATA[sid-30B113B3-FA3F-4C74-B3A8-F335F11CDBDF]]></modeler:editor-resource-id>
      </extensionElements>
    </sequenceFlow>
    <serviceTask id="sid-86C37C9C-8FED-4D18-AA40-42642502792D" name="Generate  positive Decision" activiti:async="true" activiti:delegateExpression="${RequestService.Print()}">
      <extensionElements>
        <activiti:field name="outputFormat">
          <activiti:string><![CDATA[pdf]]></activiti:string>
        </activiti:field>
        <activiti:field name="templateId">
          <activiti:string><![CDATA[1001]]></activiti:string>
        </activiti:field>
        <activiti:field name="templateName">
          <activiti:string><![CDATA[tmp.docx]]></activiti:string>
        </activiti:field>
        <activiti:field name="variableName">
          <activiti:string><![CDATA[approvedDecision]]></activiti:string>
        </activiti:field>
        <modeler:executionvariables modeler:variableName="approvedDecision" modeler:variableType="document"/>
        <modeler:editor-resource-id><![CDATA[sid-86C37C9C-8FED-4D18-AA40-42642502792D]]></modeler:editor-resource-id>
      </extensionElements>
    </serviceTask>
    <sequenceFlow id="sid-49D623E6-919F-413F-9C21-A95881008660" sourceRef="sid-5C70C1DD-4601-4B92-991A-2A595806825E" targetRef="sid-86C37C9C-8FED-4D18-AA40-42642502792D">
      <extensionElements>
        <modeler:editor-resource-id><![CDATA[sid-49D623E6-919F-413F-9C21-A95881008660]]></modeler:editor-resource-id>
      </extensionElements>
      <conditionExpression xsi:type="tFormalExpression"><![CDATA[${CommiteDecision}]]></conditionExpression>
    </sequenceFlow>
    <serviceTask id="sid-1ECAAA45-9783-40A0-A297-A85E83DAE322" name="Generate  negative Decision" activiti:async="true" activiti:delegateExpression="${RequestService.Print()}">
      <extensionElements>
        <activiti:field name="outputFormat">
          <activiti:string><![CDATA[pdf]]></activiti:string>
        </activiti:field>
        <activiti:field name="templateId">
          <activiti:string><![CDATA[2002]]></activiti:string>
        </activiti:field>
        <activiti:field name="templateName">
          <activiti:string><![CDATA[tmp.docx]]></activiti:string>
        </activiti:field>
        <activiti:field name="fileName">
          <activiti:string><![CDATA[Generate  negative Decision]]></activiti:string>
        </activiti:field>
        <activiti:field name="variableName">
          <activiti:string><![CDATA[rejectedDecision]]></activiti:string>
        </activiti:field>
        <modeler:executionvariables modeler:variableName="rejectedDecision" modeler:variableType="document"/>
        <modeler:editor-resource-id><![CDATA[sid-1ECAAA45-9783-40A0-A297-A85E83DAE322]]></modeler:editor-resource-id>
      </extensionElements>
    </serviceTask>
    <sequenceFlow id="sid-2F79DE17-49F2-4DA3-8237-B22C778BED48" sourceRef="sid-1ECAAA45-9783-40A0-A297-A85E83DAE322" targetRef="sid-8CB89122-1625-486D-B489-C54884EA6B3D">
      <extensionElements>
        <modeler:editor-resource-id><![CDATA[sid-2F79DE17-49F2-4DA3-8237-B22C778BED48]]></modeler:editor-resource-id>
      </extensionElements>
    </sequenceFlow>
    <endEvent id="sid-8CB89122-1625-486D-B489-C54884EA6B3D">
      <extensionElements>
        <modeler:editor-resource-id><![CDATA[sid-8CB89122-1625-486D-B489-C54884EA6B3D]]></modeler:editor-resource-id>
      </extensionElements>
      <terminateEventDefinition/>
    </endEvent>
    <userTask id="sid-3D7344D5-69F4-48ED-81C3-15CE913A7EEE" name="Edit Request" activiti:assignee="$INITIATOR">
      <extensionElements>
        <modeler:allow-send-email><![CDATA[true]]></modeler:allow-send-email>
        <modeler:activiti-idm-initiator><![CDATA[true]]></modeler:activiti-idm-initiator>
        <modeler:editor-resource-id><![CDATA[sid-3D7344D5-69F4-48ED-81C3-15CE913A7EEE]]></modeler:editor-resource-id>
      </extensionElements>
    </userTask>
    <sequenceFlow id="sid-14AB549D-B53D-4CC9-90C2-7F5E70C1D5B8" sourceRef="sid-9EBD5102-4E67-4C3E-A3D4-679BE72A8691" targetRef="sid-59CF0BDB-8C9E-4F88-A39B-84B5CEE3ABA3">
      <extensionElements>
        <modeler:editor-resource-id><![CDATA[sid-14AB549D-B53D-4CC9-90C2-7F5E70C1D5B8]]></modeler:editor-resource-id>
      </extensionElements>
    </sequenceFlow>
    <sequenceFlow id="sid-D02440A4-7204-431D-8545-E2256C24DD70" sourceRef="sid-3D7344D5-69F4-48ED-81C3-15CE913A7EEE" targetRef="sid-F995A48E-27D3-4F84-AA71-E82434CCE7BF">
      <extensionElements>
        <modeler:editor-resource-id><![CDATA[sid-D02440A4-7204-431D-8545-E2256C24DD70]]></modeler:editor-resource-id>
      </extensionElements>
    </sequenceFlow>
    <sequenceFlow id="sid-7D9AF3CE-555D-4352-A49B-E25EFC3EB87A" sourceRef="sid-5C70C1DD-4601-4B92-991A-2A595806825E" targetRef="sid-1ECAAA45-9783-40A0-A297-A85E83DAE322">
      <extensionElements>
        <modeler:editor-resource-id><![CDATA[sid-7D9AF3CE-555D-4352-A49B-E25EFC3EB87A]]></modeler:editor-resource-id>
      </extensionElements>
    </sequenceFlow>
    <sequenceFlow id="sid-E7B71F54-23C7-4393-ABE2-458E1CF75FBC" sourceRef="sid-9EBD5102-4E67-4C3E-A3D4-679BE72A8691" targetRef="sid-3D7344D5-69F4-48ED-81C3-15CE913A7EEE">
      <extensionElements>
        <modeler:editor-resource-id><![CDATA[sid-E7B71F54-23C7-4393-ABE2-458E1CF75FBC]]></modeler:editor-resource-id>
      </extensionElements>
      <conditionExpression xsi:type="tFormalExpression"><![CDATA[${requestReviewStatus ==true}]]></conditionExpression>
    </sequenceFlow>
    <userTask id="sid-1E5920DF-46C1-499E-8DBF-E373388B9249" name="Send to Loan Monitoring" activiti:assignee="${assignee}">
      <extensionElements>
        <modeler:allow-send-email><![CDATA[true]]></modeler:allow-send-email>
        <modeler:initiator-can-complete><![CDATA[false]]></modeler:initiator-can-complete>
        <modeler:editor-resource-id><![CDATA[sid-1E5920DF-46C1-499E-8DBF-E373388B9249]]></modeler:editor-resource-id>
      </extensionElements>
      <multiInstanceLoopCharacteristics isSequential="false" activiti:collection="assigneeList">
        <completionCondition>${nrOfCompletedInstances/nrOfInstances >= 0.5 }</completionCondition>
      </multiInstanceLoopCharacteristics>
    </userTask>
    <exclusiveGateway id="sid-54681B80-F2A2-4E3C-86A2-D52503DDA500" default="sid-1C7F2D64-12A2-4D9D-B264-C380DAFD45CD">
      <extensionElements>
        <modeler:editor-resource-id><![CDATA[sid-54681B80-F2A2-4E3C-86A2-D52503DDA500]]></modeler:editor-resource-id>
      </extensionElements>
    </exclusiveGateway>
    <sequenceFlow id="sid-12FD5D20-E140-4CAF-9E1E-D707EE9B2BAA" sourceRef="sid-1E5920DF-46C1-499E-8DBF-E373388B9249" targetRef="sid-54681B80-F2A2-4E3C-86A2-D52503DDA500">
      <extensionElements>
        <modeler:editor-resource-id><![CDATA[sid-12FD5D20-E140-4CAF-9E1E-D707EE9B2BAA]]></modeler:editor-resource-id>
      </extensionElements>
    </sequenceFlow>
    <endEvent id="sid-419999F2-F0A8-4FAF-AE36-502BFD72A012">
      <extensionElements>
        <modeler:editor-resource-id><![CDATA[sid-419999F2-F0A8-4FAF-AE36-502BFD72A012]]></modeler:editor-resource-id>
      </extensionElements>
      <terminateEventDefinition/>
    </endEvent>
    <sequenceFlow id="sid-374631AF-864F-45C7-B733-37AB6AE013D1" sourceRef="sid-54681B80-F2A2-4E3C-86A2-D52503DDA500" targetRef="sid-419999F2-F0A8-4FAF-AE36-502BFD72A012">
      <extensionElements>
        <modeler:editor-resource-id><![CDATA[sid-374631AF-864F-45C7-B733-37AB6AE013D1]]></modeler:editor-resource-id>
      </extensionElements>
      <conditionExpression xsi:type="tFormalExpression"><![CDATA[${loanStatus==close}]]></conditionExpression>
    </sequenceFlow>
    <userTask id="sid-C3B23D0A-912B-4553-9BF8-D615650B2626" name="Loan realization" activiti:candidateGroups="Loan-Administration">
      <extensionElements>
        <modeler:allow-send-email><![CDATA[true]]></modeler:allow-send-email>
        <modeler:initiator-can-complete><![CDATA[false]]></modeler:initiator-can-complete>
        <modeler:editor-resource-id><![CDATA[sid-C3B23D0A-912B-4553-9BF8-D615650B2626]]></modeler:editor-resource-id>
      </extensionElements>
    </userTask>
    <sequenceFlow id="sid-E85B23B7-EC33-4916-A0F7-E87E6605A894" sourceRef="sid-86C37C9C-8FED-4D18-AA40-42642502792D" targetRef="sid-C3B23D0A-912B-4553-9BF8-D615650B2626">
      <extensionElements>
        <modeler:editor-resource-id><![CDATA[sid-E85B23B7-EC33-4916-A0F7-E87E6605A894]]></modeler:editor-resource-id>
      </extensionElements>
    </sequenceFlow>
    <sequenceFlow id="sid-6B68947E-5593-4AD4-933E-BF016956ECDE" sourceRef="sid-C3B23D0A-912B-4553-9BF8-D615650B2626" targetRef="sid-1E5920DF-46C1-499E-8DBF-E373388B9249">
      <extensionElements>
        <modeler:editor-resource-id><![CDATA[sid-6B68947E-5593-4AD4-933E-BF016956ECDE]]></modeler:editor-resource-id>
      </extensionElements>
    </sequenceFlow>
    <sequenceFlow id="sid-1C7F2D64-12A2-4D9D-B264-C380DAFD45CD" sourceRef="sid-54681B80-F2A2-4E3C-86A2-D52503DDA500" targetRef="sid-1E5920DF-46C1-499E-8DBF-E373388B9249">
      <extensionElements>
        <modeler:editor-resource-id><![CDATA[sid-1C7F2D64-12A2-4D9D-B264-C380DAFD45CD]]></modeler:editor-resource-id>
      </extensionElements>
    </sequenceFlow>
  </process>
  <bpmndi:BPMNDiagram id="BPMNDiagram_LoanOrganization">
    <bpmndi:BPMNPlane bpmnElement="LoanOrganization" id="BPMNPlane_LoanOrganization">
      <bpmndi:BPMNShape bpmnElement="startEvent1" id="BPMNShape_startEvent1">
        <omgdc:Bounds height="30.0" width="30.0" x="105.0" y="160.0"/>
      </bpmndi:BPMNShape>
      <bpmndi:BPMNShape bpmnElement="sid-788237E5-4ED6-41BD-8FED-534A76A2EAA7" id="BPMNShape_sid-788237E5-4ED6-41BD-8FED-534A76A2EAA7">
        <omgdc:Bounds height="80.0" width="100.0" x="210.0" y="135.0"/>
      </bpmndi:BPMNShape>
      <bpmndi:BPMNShape bpmnElement="sid-F995A48E-27D3-4F84-AA71-E82434CCE7BF" id="BPMNShape_sid-F995A48E-27D3-4F84-AA71-E82434CCE7BF">
        <omgdc:Bounds height="80.0" width="100.0" x="405.0" y="135.0"/>
      </bpmndi:BPMNShape>
      <bpmndi:BPMNShape bpmnElement="sid-9EBD5102-4E67-4C3E-A3D4-679BE72A8691" id="BPMNShape_sid-9EBD5102-4E67-4C3E-A3D4-679BE72A8691">
        <omgdc:Bounds height="40.0" width="40.0" x="555.0" y="155.0"/>
      </bpmndi:BPMNShape>
      <bpmndi:BPMNShape bpmnElement="sid-59CF0BDB-8C9E-4F88-A39B-84B5CEE3ABA3" id="BPMNShape_sid-59CF0BDB-8C9E-4F88-A39B-84B5CEE3ABA3">
        <omgdc:Bounds height="80.0" width="100.0" x="525.0" y="270.0"/>
      </bpmndi:BPMNShape>
      <bpmndi:BPMNShape bpmnElement="sid-5C70C1DD-4601-4B92-991A-2A595806825E" id="BPMNShape_sid-5C70C1DD-4601-4B92-991A-2A595806825E">
        <omgdc:Bounds height="40.0" width="40.0" x="705.0" y="290.0"/>
      </bpmndi:BPMNShape>
      <bpmndi:BPMNShape bpmnElement="sid-86C37C9C-8FED-4D18-AA40-42642502792D" id="BPMNShape_sid-86C37C9C-8FED-4D18-AA40-42642502792D">
        <omgdc:Bounds height="80.0" width="100.0" x="795.0" y="270.0"/>
      </bpmndi:BPMNShape>
      <bpmndi:BPMNShape bpmnElement="sid-1ECAAA45-9783-40A0-A297-A85E83DAE322" id="BPMNShape_sid-1ECAAA45-9783-40A0-A297-A85E83DAE322">
        <omgdc:Bounds height="80.0" width="100.0" x="675.0" y="375.0"/>
      </bpmndi:BPMNShape>
      <bpmndi:BPMNShape bpmnElement="sid-8CB89122-1625-486D-B489-C54884EA6B3D" id="BPMNShape_sid-8CB89122-1625-486D-B489-C54884EA6B3D">
        <omgdc:Bounds height="28.0" width="28.0" x="820.0" y="401.0"/>
      </bpmndi:BPMNShape>
      <bpmndi:BPMNShape bpmnElement="sid-3D7344D5-69F4-48ED-81C3-15CE913A7EEE" id="BPMNShape_sid-3D7344D5-69F4-48ED-81C3-15CE913A7EEE">
        <omgdc:Bounds height="80.0" width="100.0" x="525.0" y="0.0"/>
      </bpmndi:BPMNShape>
      <bpmndi:BPMNShape bpmnElement="sid-1E5920DF-46C1-499E-8DBF-E373388B9249" id="BPMNShape_sid-1E5920DF-46C1-499E-8DBF-E373388B9249">
        <omgdc:Bounds height="80.0" width="100.0" x="1065.0" y="282.0"/>
      </bpmndi:BPMNShape>
      <bpmndi:BPMNShape bpmnElement="sid-54681B80-F2A2-4E3C-86A2-D52503DDA500" id="BPMNShape_sid-54681B80-F2A2-4E3C-86A2-D52503DDA500">
        <omgdc:Bounds height="40.0" width="40.0" x="1210.0" y="302.0"/>
      </bpmndi:BPMNShape>
      <bpmndi:BPMNShape bpmnElement="sid-419999F2-F0A8-4FAF-AE36-502BFD72A012" id="BPMNShape_sid-419999F2-F0A8-4FAF-AE36-502BFD72A012">
        <omgdc:Bounds height="28.0" width="28.0" x="1295.0" y="308.0"/>
      </bpmndi:BPMNShape>
      <bpmndi:BPMNShape bpmnElement="sid-C3B23D0A-912B-4553-9BF8-D615650B2626" id="BPMNShape_sid-C3B23D0A-912B-4553-9BF8-D615650B2626">
        <omgdc:Bounds height="80.0" width="100.0" x="795.0" y="15.0"/>
      </bpmndi:BPMNShape>
      <bpmndi:BPMNEdge bpmnElement="sid-6B68947E-5593-4AD4-933E-BF016956ECDE" id="BPMNEdge_sid-6B68947E-5593-4AD4-933E-BF016956ECDE">
        <omgdi:waypoint x="895.0" y="55.0"/>
        <omgdi:waypoint x="979.6171875" y="55.0"/>
        <omgdi:waypoint x="979.6171875" y="322.0"/>
        <omgdi:waypoint x="1065.0" y="322.0"/>
      </bpmndi:BPMNEdge>
      <bpmndi:BPMNEdge bpmnElement="sid-B13A389E-7E59-4BCC-A414-32AAA657CDC9" id="BPMNEdge_sid-B13A389E-7E59-4BCC-A414-32AAA657CDC9">
        <omgdi:waypoint x="135.0" y="175.0"/>
        <omgdi:waypoint x="210.0" y="175.0"/>
      </bpmndi:BPMNEdge>
      <bpmndi:BPMNEdge bpmnElement="sid-49D623E6-919F-413F-9C21-A95881008660" id="BPMNEdge_sid-49D623E6-919F-413F-9C21-A95881008660">
        <omgdi:waypoint x="744.6357142857142" y="310.3642857142857"/>
        <omgdi:waypoint x="795.0" y="310.0070921985816"/>
      </bpmndi:BPMNEdge>
      <bpmndi:BPMNEdge bpmnElement="sid-D02440A4-7204-431D-8545-E2256C24DD70" id="BPMNEdge_sid-D02440A4-7204-431D-8545-E2256C24DD70">
        <omgdi:waypoint x="525.0" y="40.0"/>
        <omgdi:waypoint x="470.9375" y="40.0"/>
        <omgdi:waypoint x="470.9375" y="135.0"/>
      </bpmndi:BPMNEdge>
      <bpmndi:BPMNEdge bpmnElement="sid-2F79DE17-49F2-4DA3-8237-B22C778BED48" id="BPMNEdge_sid-2F79DE17-49F2-4DA3-8237-B22C778BED48">
        <omgdi:waypoint x="775.0" y="415.0"/>
        <omgdi:waypoint x="820.0" y="415.0"/>
      </bpmndi:BPMNEdge>
      <bpmndi:BPMNEdge bpmnElement="sid-E85B23B7-EC33-4916-A0F7-E87E6605A894" id="BPMNEdge_sid-E85B23B7-EC33-4916-A0F7-E87E6605A894">
        <omgdi:waypoint x="845.0" y="270.0"/>
        <omgdi:waypoint x="845.0" y="95.0"/>
      </bpmndi:BPMNEdge>
      <bpmndi:BPMNEdge bpmnElement="sid-7D9AF3CE-555D-4352-A49B-E25EFC3EB87A" id="BPMNEdge_sid-7D9AF3CE-555D-4352-A49B-E25EFC3EB87A">
        <omgdi:waypoint x="725.3538461538461" y="329.6461538461538"/>
        <omgdi:waypoint x="725.0076335877862" y="375.0"/>
      </bpmndi:BPMNEdge>
      <bpmndi:BPMNEdge bpmnElement="sid-30B113B3-FA3F-4C74-B3A8-F335F11CDBDF" id="BPMNEdge_sid-30B113B3-FA3F-4C74-B3A8-F335F11CDBDF">
        <omgdi:waypoint x="625.0" y="310.16611295681065"/>
        <omgdi:waypoint x="705.4333333333333" y="310.43333333333334"/>
      </bpmndi:BPMNEdge>
      <bpmndi:BPMNEdge bpmnElement="sid-14AB549D-B53D-4CC9-90C2-7F5E70C1D5B8" id="BPMNEdge_sid-14AB549D-B53D-4CC9-90C2-7F5E70C1D5B8">
        <omgdi:waypoint x="575.429104477612" y="194.57089552238807"/>
        <omgdi:waypoint x="575.1486988847583" y="270.0"/>
      </bpmndi:BPMNEdge>
      <bpmndi:BPMNEdge bpmnElement="sid-44F8653F-E3DC-430A-8936-92578F71F786" id="BPMNEdge_sid-44F8653F-E3DC-430A-8936-92578F71F786">
        <omgdi:waypoint x="310.0" y="175.0"/>
        <omgdi:waypoint x="405.0" y="175.0"/>
      </bpmndi:BPMNEdge>
      <bpmndi:BPMNEdge bpmnElement="sid-7F16CB2C-66E6-41C5-B291-6DA5165857BB" id="BPMNEdge_sid-7F16CB2C-66E6-41C5-B291-6DA5165857BB">
        <omgdi:waypoint x="505.0" y="175.20746887966806"/>
        <omgdi:waypoint x="555.4166666666666" y="175.41666666666666"/>
      </bpmndi:BPMNEdge>
      <bpmndi:BPMNEdge bpmnElement="sid-1C7F2D64-12A2-4D9D-B264-C380DAFD45CD" id="BPMNEdge_sid-1C7F2D64-12A2-4D9D-B264-C380DAFD45CD">
        <omgdi:waypoint x="1229.9511691884456" y="302.04883081155435"/>
        <omgdi:waypoint x="1228.125" y="234.0"/>
        <omgdi:waypoint x="1140.0" y="234.0"/>
        <omgdi:waypoint x="1140.0" y="282.0"/>
      </bpmndi:BPMNEdge>
      <bpmndi:BPMNEdge bpmnElement="sid-12FD5D20-E140-4CAF-9E1E-D707EE9B2BAA" id="BPMNEdge_sid-12FD5D20-E140-4CAF-9E1E-D707EE9B2BAA">
        <omgdi:waypoint x="1165.0" y="322.2164502164502"/>
        <omgdi:waypoint x="1210.4130434782608" y="322.4130434782609"/>
      </bpmndi:BPMNEdge>
      <bpmndi:BPMNEdge bpmnElement="sid-374631AF-864F-45C7-B733-37AB6AE013D1" id="BPMNEdge_sid-374631AF-864F-45C7-B733-37AB6AE013D1">
        <omgdi:waypoint x="1249.621794871795" y="322.37820512820514"/>
        <omgdi:waypoint x="1295.0002839785393" y="322.0891701657418"/>
      </bpmndi:BPMNEdge>
      <bpmndi:BPMNEdge bpmnElement="sid-E7B71F54-23C7-4393-ABE2-458E1CF75FBC" id="BPMNEdge_sid-E7B71F54-23C7-4393-ABE2-458E1CF75FBC">
        <omgdi:waypoint x="575.425925925926" y="155.42592592592592"/>
        <omgdi:waypoint x="575.1476014760148" y="80.0"/>
      </bpmndi:BPMNEdge>
    </bpmndi:BPMNPlane>
  </bpmndi:BPMNDiagram>
</definitions>